canonicalID,proballersID,flashscoreID,teamName,teamSubtext
0001,15083,,Iverioni,Georgian Superleague
0002,15192,,Tkibuli Orbi,Georgian Superleague
0003,3181,,Rashi Tbilisi,Georgian Superleague
0004,13196,,Gurjaani,Georgian Superleague
0005,14672,,Margveti,Georgian Superleague
0006,2193,,Rustavi,Georgian Superleague
0007,1001,,Svendborg Rabbits,Danish Basketligaen
0008,13317,,BMS Herlev,Danish Basketligaen
0009,14317,,Bears Academy,Danish Basketligaen
0010,2158,,Vaerlose Blue Hawks,Danish Basketligaen
0011,999,,Randers Cimbria,Danish Basketligaen
0012,1637,,Team FOG Naestved,Danish Basketligaen
0013,,xOGT6AD5,Kataja,Finnish Korisliiga
0014,,Qo5RVkD5,Helsinki Seagulls,Finnish Korisliiga
0015,2635,,Nelson Giants,New Zealand NBL
0016,13670,,Franklin Bulls,New Zealand NBL
0017,2637,,Southland Sharks,New Zealand NBL
0018,2636,,Manawatu Jets,New Zealand NBL
0019,2638,,Taranaki Mountainairs,New Zealand NBL
0020,15307,,Tauranga Whai,New Zealand NBL
0021,1810,,Iran,National Team
0022,831,,New Zealand,National Team
0023,13228,,Syria,National Team
0024,,bDk10qgT,Sheffield Sharks,UK SLB
0025,,KMjc1PwN,Caledonia Gladiators,UK SLB
0026,,W8HYpIee,Lahti Basketball,Finnish Korisliiga
